user_id,username,hosted,guested,total
5938161,gaston_2199,156,154,310
845733,Faputa,171,121,292
14102976,Hivie,115,128,243
3196091,Genjuro,131,108,239
5159715,[-E S I A-],151,76,227
876419,Nardoxyribonucleic,71,153,224
3388410,Annabel,116,102,218
13069714,tachibanaka,90,114,204
15823344,Ryxliee,118,86,204
3577322,[R],65,121,186
19901680,,112,74,186
1980256,komasy,113,59,172
1263669,ulko,88,57,145
6291741,BlackBN,63,81,144
8005579,iRedi,88,53,141
3686901,Charlotte,96,42,138
194807,lepidopodus,17,118,135
11695793,Slyme,93,42,135
3901754,Cynplytholowazy,68,65,133
2774767,tasuke912,56,73,129
290128,OnosakiHito,15,113,128
394326,kanpakyin,57,68,125
14225226,_HeLLFly_,45,79,124
14947043,hz404,86,36,122
2474015,Capu,70,46,116
4956097,Nifty,87,28,115
22522738,Erowdi,85,30,115
6092181,Dusk-,74,33,107
12565402,meiqth,69,37,106
7131099,radar,74,27,101
4154071,Volta,51,49,100
7299864,Axer,67,32,99
4901066,4901066,20,78,98
310747,KanaRin,12,83,95
10415491,Amasugi,64,31,95
23322958,Linkff001,42,53,95
8693851,Greenshell,46,47,93
31610,climbb65588,3,81,84
2597417,Jaltzu,67,17,84
766371,qoot8123,17,66,83
8071438,Horiiizon,48,35,83
17664300,K a y o k o,43,40,83
2239480,Raiden,56,24,80
11357694,Lycanthrope,48,32,80
17415683,Undead Alice,45,35,80
11716851,skolodojko,46,32,78
12842392,arcpotato,19,59,78
1881639,Chromoxx,37,40,77
35619347,yakisode,63,14,77
31404061,SN707,38,38,76
7401,wmfchris,11,64,75
1506011,Mid,38,37,75
3869519,Ideal,35,40,75
7397496,Cryceptio,23,52,75
16494567,-Maruko-,29,45,74
1910766,Nwolf,25,48,73
5364763,Nao Tomori,48,24,72
128993,MMzz,18,53,71
1425253,DakeDekaane,31,40,71
9623142,Minh,43,28,71
11056763,Zhuosh,30,41,71
13681283,HEAVENLY MOON,50,21,71
197974,spboxer3,12,57,69
8121109,Raytoly,55,14,69
8301957,_gt,57,11,68
15118934,KyeX,28,40,68
113646,arien666,37,29,66
7095592,yassu-,24,42,66
155707,aabc271,12,52,64
465153,OzzyOzrock,10,54,64
1538223,Roger,21,43,64
8458835,Yasuho,35,27,62
4964596,iloveyou4ever,45,16,61
5321719,uone,10,51,61
8863359,realy0_,21,39,60
9912966,Zeth,40,20,60
13302996,,32,28,60
14708449,Molybdenum,35,23,58
10678230,Irone OSU,37,20,57
626907,Stefan,40,16,56
4230454,Froskya,29,27,56
4993032,Alchyr,50,6,56
9964420,paz08,34,22,56
14706521,Ognjen3800,54,2,56
156215,Mapper 31,1,54,55
1259391,Kulalaying,48,7,55
4050738,HiroK,9,46,55
13281473,Antti,32,22,54
36055680,waidabu,24,28,52
30496573,Gsuncraft,21,30,51
481582,Yuzeyun,12,37,49
940878,TKS,21,28,49
1165475,JUDYDANNY,9,40,49
16320311,Eriha,39,10,49
6921736,Cychloryn,21,27,48
7807444,chmekoe,38,10,48
11931563,Roxy-,27,21,48
9463721,Ph0eNiiXZ,20,27,47
14036825,MTNTWarz,19,28,47
14800030,layxa,18,28,46
24587831,My Angel Noah,28,18,46
34027024,knzk1234,23,23,46
3044264,Skid,30,15,45
12967997,swake,15,30,45
22676825,vzlen,24,21,45
16736934,clockbite,22,22,44
29978316,-Kazuha,37,7,44
966210,mintong89,14,29,43
2403621,Asagi Mutsuki,14,29,43
4799788,vrnl,37,6,43
5482401,iceOC,25,18,43
14269506,nevqr,25,18,43
3611370,Surono,29,13,42
7774222,Akonine,35,7,42
14520910,Maimaing,25,17,42
9856910,Gamelan4,31,10,41
15191942,Eltigant,34,7,41
165027,Peaceful,14,26,40
2250574,Waribashi,13,27,40
8027517,miyagishima,13,27,40
17633940,Tatara Kogasa,8,32,40
8957119,wth,22,17,39
5217107,_Rise,23,15,38
8834793,MicSup08,28,10,38
15436568,Joltzzz,24,14,38
23374,Rokodo,0,37,37
4999506,Alwaysyukaz,21,16,37
43108,Sushi,33,3,36
480689,Kin,12,24,36
1421452,Tyistiana,21,15,36
7186791,yuki_momoiro722,16,20,36
11479122,Nostril,18,18,36
32993153,tmk,15,21,36
4007649,ikin5050,23,12,35
6637817,,34,1,35
263110,Backfire,8,26,34
4616752,yuzu__rinrin,12,22,34
9274708,kageminori,22,12,34
25993,Alace,5,28,33
360437,bossandy,1,32,33
6506484,duski,29,4,33
477744,inaba-tan,0,32,32
7394522,Rycy,17,15,32
13894938,- Lenkon,9,23,32
15272997,SimplySynthy,20,12,32
20882798,FabriGamer84,12,20,32
98985,DarkDunskin,4,27,31
1499299,ReySHeL,6,25,31
3662737,Blackener,12,19,31
4949934,rubies87,28,3,31
5258461,ZTH,23,8,31
6777358,beaw,8,23,31
15929172,Ares,17,14,31
7612550,frukoyurdakul,30,0,30
17630767,dtn,14,16,30
19951350,Jayceko,24,6,30
2140739,Shinsekai-,16,13,29
2377881,Y-Sun,19,10,29
2496768,Nishizumi,24,5,29
2998248,6_9,18,11,29
587737,Zetera,13,15,28
3918650,Raphalge,11,17,28
13806900,Doug,11,17,28
136385,xtrem3x,12,15,27
332555,HeatKai,8,19,27
1570876,mingmichael,7,20,27
1703330,Hanjamon,12,15,27
2164993,Fynbi,18,9,27
3653035,Jonarwhal,19,8,27
19859015,auneu,20,7,27
7924938,Poii,15,11,26
8283661,doulph,19,7,26
274072,Firce777,3,22,25
5569341,Rossi,14,11,25
5671417,Heaxys,19,6,25
6447505,maxie,15,10,25
9731062,SilverWolf,22,3,25
11260982,YaniFR,21,4,25
14184157,woosungko,18,7,25
11563671,4sbet1,22,2,24
317802,[Shalon],2,21,23
672430,Nofool,17,6,23
920861,-Kazu-,11,12,23
6107943,tatatat,22,1,23
12453848,Glassive,9,14,23
467487,Love,8,14,22
595764,taiko_maniac1811,8,14,22
605973,Jerry,12,10,22
1786588,toara_fict,10,12,22
7718539,Skey,4,18,22
9346502,Santi199,19,3,22
12568571,Alejar,20,2,22
4493348,Yuemiao,5,16,21
6256027,Lumenite-,19,2,21
11081858,GIGACHAD,9,12,21
22907037,Invisible O,15,6,21
31770077,-Koppe-,18,3,21
32179762,My Angel Shinku,14,7,21
194653,Numbers 596108,0,20,20
1255920,Lost The Lights,12,8,20
1694000,Arrival,11,9,20
3167864,jacky10186,8,12,20
4601806,Hana Hayashi,17,3,20
5200775,Quorum,11,9,20
6632605,Julian Alvarez,5,15,20
14510301,A-40,16,4,20
19926884,SudoKu37,17,3,20
21973491,op45667,13,7,20
224280,Sanjenin Nagi,2,17,19
257977,KDS,2,17,19
521568,mancuso_JM_,10,9,19
1957638,-Sh1n1-,16,3,19
3738344,X a v y,7,12,19
7058457,Default Guy,19,0,19
9029238,uranosu1030,12,7,19
9468283,_mtk,14,5,19
9950381,Haypzeh,10,9,19
9965069,Reed_405,12,7,19
11653544,tadahitotsu,14,5,19
12615278,Maeda,11,8,19
13213075,Burak,15,4,19
9039824,arley_,13,5,18
11004271,Toofu,12,6,18
11601107,Blaidd,10,8,18
14752579,Hashifuzu,15,3,18
21203707,emifuu,15,3,18
23134914,4lw fan,7,11,18
71366,Loctav,4,13,17
378377,Verdisphena,0,17,17
578401,lolcubes,11,6,17
855219,Lundlerol,4,13,17
3793769,Prophecy,7,10,17
6866480,nyanmi-1828,7,10,17
8631719,Tien,9,8,17
9713372,Eloxrad,3,14,17
14563850,Hyrstrill,8,9,17
16429579,Stompy_,9,8,17
38544129,77hina,12,5,17
764425,hs714,0,16,16
918297,Realazy,6,10,16
4455632,gecho,5,11,16
6512678,hikiko-,9,7,16
7479684,Foxeru,4,12,16
10079029,Skidooskei,5,11,16
15538779,velamy,8,8,16
17853754,hacington,10,6,16
244499,TW-KUMA01,0,15,15
4455389,Renka,6,9,15
6096445,sing216,3,12,15
7169208,Nozdormu,4,11,15
26031453,chairIess,9,6,15
201785,Kurosanyan,2,12,14
2849992,Garden,11,3,14
4236855,BPChingu,13,1,14
5146144,Tsukani,4,10,14
10633982,Metzo,11,3,14
10839549,FreezingAnimenz,9,5,14
10959501,enneya,3,11,14
15776151,T w i g,13,1,14
19119172,_CaptainZero,10,4,14
533502,Konpaku Sariel,10,3,13
1238716,Fumika,5,8,13
1623405,Okoayu,8,5,13
4013317,Servatory,7,6,13
6170507,_yu68,8,5,13
9892196,Hoshikuz,7,6,13
10625447,CrayZeei,6,7,13
10734140,Issai,4,9,13
13392709,Emre1504,8,5,13
15397129,Lexa14,7,6,13
17307654,roxorotto,7,6,13
17540374,krytwal,3,10,13
29429252,AppleRank,4,9,13
157177,Natteke,6,6,12
398275,Kurokotei,6,6,12
2652951,Trynna,2,10,12
8512755,Arach,7,5,12
8601048,JarvisGaming,10,2,12
9738159,salchow,7,5,12
11490996,zilaxx,9,3,12
14890963,yurishe,5,7,12
14892190,Tiera,8,4,12
15250472,Vivien,8,4,12
16352736,bighzonda,0,12,12
557166,those,4,7,11
686460,Haruka_old,0,11,11
1190127,Seika Kasanui,5,6,11
1442333,-Tenshi-,9,2,11
1467715,Gero,5,6,11
1561995,neonat,8,3,11
2192669,1Lili,6,5,11
2258362,0gre_old,0,11,11
2463434,zigizigiefe,7,4,11
2479487,PatZar,3,8,11
2828556,Coryn,5,6,11
2865172,Briesmas,11,0,11
5115995,A r M i N,6,5,11
5179995,Maneh,4,7,11
5720389,Fallmorph,8,3,11
6502903,,6,5,11
7183087,mareep,4,7,11
9228032,seriodog,6,5,11
13279859,Kyoko Sakura,11,0,11
15142530,Ticy,4,7,11
17302272,Kurumiism,9,2,11
18397349,Arityle,4,7,11
22504149,LuroxS,11,0,11
77089,Kurai,9,1,10
348714,jossieP,2,8,10
375143,KinomiCandy,0,10,10
522188,Naryuga,0,10,10
1165368,Senritsu,6,4,10
2786984,Nanatsu,9,1,10
2845958,Skylish,5,5,10
3280542,SKSalt,6,4,10
3533958,fieryrage,2,8,10
4115718,,10,0,10
5009970,Dayzeek,4,6,10
6069462,Phob,2,8,10
8609627,[GB]Edward_Tsui,3,7,10
8987606,kitafuma,8,2,10
12029122,Vanity8,7,3,10
13547767,Asa Kazato,4,6,10
14324722,Naverlyn,5,5,10
16650552,HaLTi,9,1,10
16761278,Sagasemat,2,8,10
19421910,Arcyol,7,3,10
22942234,cev,6,4,10
25094413,raynald,2,8,10
33109610,_tivo,0,10,10
34750396,heitonto,6,4,10
194345,Cristian,0,9,9
292295,Pheon,1,8,9
374354,Yunacat,0,9,9
499843,Coro,5,4,9
654883,No_Gu,7,2,9
906991,Niko-nyan,5,4,9
1031958,karterfreak,3,6,9
1033017,Flower,4,5,9
2202645,Myxo,6,3,9
2998491,Akiyama Riemyo,6,3,9
5851253,Lyawi,2,7,9
5991961,Ney,6,3,9
6306704,Friggy-chan,5,4,9
6775507,Melissa,6,3,9
7792131,Crysally,9,0,9
7935022,butter0414,3,6,9
8050850,Red Riding Hood,7,2,9
8503743,Izzeee,8,1,9
8838763,aceticke,5,4,9
9022173,,9,0,9
12070518,_Vex,3,6,9
12883611,catgirlflowers,5,4,9
13142180,Aurorance,4,5,9
18603653,-Ryuji-,9,0,9
25396679,reisen91937,9,0,9
27613947,Kinpo,7,2,9
30481748,Nintendo 64,2,7,9
99269,Krisom,6,2,8
117022,youngdow,1,7,8
124455,NoHitter,6,2,8
980092,Ozu,3,5,8
1019859,Kokatsu,1,7,8
1163051,KamizonoShinobu,8,0,8
1387762,Grimbow,4,4,8
1541323,Noffy,4,4,8
1600041,Ak1o,5,3,8
1612624,GoldenWolf,7,1,8
2931883,Ascendance,7,1,8
5116922,salisburysteak9,4,4,8
6089608,Shima Rin,6,2,8
6752242,ZelLink,6,2,8
7918664,LimeDimeNine,7,1,8
8065042,LemonDust,2,6,8
9502522,TNTlealu,8,0,8
10004804,Chitanda Eru,5,3,8
11626462,CatzerTM,2,6,8
12265200,LilacCos,8,0,8
14001000,Paraxia,7,1,8
17640749,4lw,4,4,8
22670606,Wanijimaru,5,3,8
31198498,Rookdaooooo,3,5,8
34186004,,6,2,8
5726,pokedigi,0,7,7
34044,xierbaliti,6,1,7
113005,Shiro,3,4,7
120282,woodrockman,0,7,7
151679,NatsumeRin,3,4,7
224335,LZD,4,3,7
259446,Jing,0,7,7
321112,koko6162006,0,7,7
346352,kazenotama,0,7,7
682935,Nyquill,2,5,7
707980,Akemi_Homura,3,4,7
1109122,roufou,3,4,7
1588551,Dainesl,2,5,7
2420987,Julie,0,7,7
3679326,guro,4,3,7
4354389,Kazaze,4,3,7
4689256,eae,1,6,7
6487115,ASPIRIN,6,1,7
6874332,yea,5,2,7
8011704,J a c k y,3,4,7
9128499,[Belajar-Osu],2,5,7
9540073,Grape_Tea,4,3,7
10561973,Aljotzi,5,2,7
10659264,SB Rookie,6,1,7
10969875,midorijeon,7,0,7
11327918,nytro,6,1,7
11992585,KawaiiBass,7,0,7
12157130,Wanpachi,5,2,7
12702107,GOD82028,7,0,7
13032817,KennethBBG,3,4,7
13660273,fhz,2,5,7
14167247,CoEqual,3,4,7
15252950,Seren58,3,4,7
16711065,Soraka,4,3,7
20295114,shininghalo,4,3,7
21076274,soirT,5,2,7
30370354,LostF4te,6,1,7
33754270,linedcolt,5,2,7
27343,ignorethis,1,5,6
27767,happy30,6,0,6
197876,Cute Bunny,1,5,6
353437,DarknessAngel,5,1,6
389236,Star Stream,4,2,6
468393,kg2161012,0,6,6
547882,Gemu-,3,3,6
707875,Medi-chan_old,0,6,6
802909,[Luanny],1,5,6
1185254,Fiya,0,6,6
1249323,Hinsvar,2,4,6
1399551,Sylphi,5,1,6
1530993,-xNaCLx-,3,3,6
1940325,DarkVortex,3,3,6
2478769,BlackHairEND,5,1,6
2512120,Smallwu,5,1,6
2680544,namaniku,2,4,6
3442319,Etsu,4,2,6
4069690,Ectomic,2,4,6
4270973,EdamaMe411,3,3,6
4433058,sendol,6,0,6
4469725,m421,4,2,6
5082685,POCARI SWEAT,3,3,6
5136582,taiko_ryuki,3,3,6
5538419,Oui,4,2,6
7047319,,6,0,6
7109317,YonGin,1,5,6
7491210,Deathwing1306,5,1,6
8316352,Zedther,3,3,6
8712289,h3oCharles,2,4,6
10324016,Bujinn,2,4,6
10869389,makimen,3,3,6
13135192,Faelynn,5,1,6
15452790,fiscia,4,2,6
17916791,Snapcaster Mage,5,1,6
22515524,Creeperbrine303,4,2,6
2363,DJPop,4,1,5
28551,Frank7654321,0,5,5
36749,Zekira,3,2,5
125308,Tomoka Rin,3,2,5
408461,cmn_891127,2,3,5
654108,Aurele,1,4,5
686389,Makar,1,4,5
704111,Rei Hakurei,0,5,5
838176,ts8zs,0,5,5
896613,Lasse,5,0,5
961752,Kayano,1,4,5
1416484,Aldwych,4,1,5
1981781,,5,0,5
2036503,Yummy-,4,1,5
2350722,snowball112,3,2,5
2615199,Atreevete,2,3,5
2875968,asuasu_yura,2,3,5
3181083,AJT,4,1,5
3701008,newyams99,3,2,5
4637369,Petit,2,3,5
6205471,Shallty,2,3,5
7003484,C5H10,0,5,5
7157133,_yosh,0,5,5
7418493,Kibitz,2,3,5
7850538,ilv_Rem,1,4,5
9079969,Koxiuuu,4,1,5
9086438,TaikoMom,4,1,5
9383908,SakurabaEmma,3,2,5
9582525,Kappu,2,3,5
9864847,overdahedge2015,1,4,5
10238680,chromb,2,3,5
10457907,KyouRekii87,4,1,5
10476879,KeyWee,4,1,5
11294546,G G G G G,5,0,5
11562923,0gg,3,2,5
11880324,Miunagi,3,2,5
12052009,Ratchet0203,4,1,5
12589048,Vaf,5,0,5
13600684,kdj8381,2,3,5
15470246,,4,1,5
15821708,Sebola,5,0,5
17741163,DEtermination21,5,0,5
17797595,Meguminx_MAS,3,2,5
18597899,arialle,4,1,5
19148438,K8107,2,3,5
19728707,lowelo random,1,4,5
21719026,Toa Narumi,3,2,5
22748140,doops,3,2,5
27018825,1208,5,0,5
27745918,Zennan,4,1,5
28867143,6_4,0,5,5
31308751,awaoooooooooi,3,2,5
31346265,AndreyChomik,2,3,5
25999,Diasios,4,0,4
87546,Akiyama Mizuki,1,3,4
116078,Cyclohexane,2,2,4
150768,LKs,3,1,4
180594,littlecar3370,0,4,4
233271,zsr123,0,4,4
244216,Garven,1,3,4
347691,Zelos,2,2,4
502722,Cookie_Tree,4,0,4
554976,Myckoll,0,4,4
596298,Kawayi Rika,3,1,4
643394,Snow Note,3,1,4
663131,Loneight,2,2,4
676578,S a n d,4,0,4
684730,Xakyrie,0,4,4
700887,Chino,2,2,4
835998,cRyo[iceeicee],4,0,4
904187,hibarirailwayz,0,4,4
959763,Flask,4,0,4
1225403,Cuvelia,0,4,4
1319686,Kagami Yuki,1,3,4
1331438,Dolphin,1,3,4
1521445,Xinely,2,2,4
1603962,Touche,1,3,4
1997633,Lliria,4,0,4
2065771,Senko-san,3,1,4
2345156,Mew,2,2,4
2478693,kouzuki_karen,4,0,4
2488026,rew0825,1,3,4
2594229,ghm12,1,3,4
3083539,Minami-Kotori,2,2,4
3220708,Pamela Ibis,2,2,4
3579473,Ladies Night,2,2,4
3621552,Chaoslitz,2,2,4
3684010,Steins,0,4,4
4438154,Ellyu,3,1,4
4557972,Lamery,1,3,4
4598966,Intelli,3,1,4
4628473,tones,2,2,4
5115345,mafuyun,4,0,4
5143353,Marm,4,0,4
6044237,huu,4,0,4
6193723,Diederich Olsen,0,4,4
6226745,strickluke,3,1,4
6764344,Nepoch,4,0,4
6850949,Remus,3,1,4
6906086,Reverie,3,1,4
6956922,frz,3,1,4
7288862,-jordan-,2,2,4
7301817,Eryzr,1,3,4
8092686,Time Freeze,3,1,4
8256770,_Illustrious_,1,3,4
8693179,[Paw]OchiKouri,1,3,4
8767392,ILOVEMARISA,1,3,4
8959673,_MMMMMM_MMMMMM_,2,2,4
9416836,wafer,4,0,4
10021819,Minion24,4,0,4
10743013,meloge,0,4,4
11447466,Issuko,2,2,4
12498861,kodak moment,2,2,4
12642144,pottee,2,2,4
12941916,Uzawa Reisa,4,0,4
13245261,announcerf,2,2,4
14623658,supesan,3,1,4
15312155,,4,0,4
16845442,Lucho,3,1,4
17628079,scrawrlet,0,4,4
18456592,Hata no Kokoro,4,0,4
18460502,imyx,3,1,4
19647032,xornado,1,3,4
19753773,PentagonGlxy,3,1,4
20198306,sobakaa,2,2,4
22172595,hirothefemboy,1,3,4
25695490,W-108,4,0,4
30109442,Hataya,4,0,4
32806310,[T14]alicetier_,1,3,4
6537,aquabluu,3,0,3
9610,niedz,1,2,3
29029,Jak64,0,3,3
36102,Nyan,0,3,3
49031,Nashmun,2,1,3
63671,Lokamp,0,3,3
121337,Roddie,3,0,3
123938,Revengexsoyah,0,3,3
134572,Kite,2,1,3
219282,qinche,2,1,3
220939,ertyukjh010,3,0,3
251683,Musty,1,2,3
284905,Ekoro,0,3,3
298328,jomnhnk,0,3,3
323677,Shino,1,2,3
353453,MineC24,2,1,3
376831,wcx19911123,3,0,3
446548,Zorlok_,1,2,3
502298,TristanShi,0,3,3
515967,Ulysses,3,0,3
579512,biwako,3,0,3
593215,merchat7,3,0,3
631530,Leader,3,0,3
661420,shikyu,2,1,3
678794,10nya,1,2,3
858416,meetmeetdee,1,2,3
1026904,leo16834,1,2,3
1258160,Cygnus,3,0,3
1280801,KantoKun,0,3,3
1443297,,3,0,3
1465290,- SB DangYang -,0,3,3
1488736,ll-oscar,2,1,3
1738436,MidSoul,0,3,3
1856463,IamKwaN,0,3,3
1900787,Lno,1,2,3
1926383,Chupalika,1,2,3
1977606,stu00608,0,3,3
2543764,Kbludoh,3,0,3
2648029,streeteelf,2,1,3
2706438,Monstrata,2,1,3
2850983,Pachiru,3,0,3
2900881,FastBoy,3,0,3
2988243,wasonz,2,1,3
3053283,,3,0,3
3076909,Mafumafu,3,0,3
3383404,OtakusRin,3,0,3
3716665,coed,3,0,3
4097035,Garpo,3,0,3
4407678,_knots,1,2,3
4841352,Jaye,3,0,3
5186244,Dellvangel,3,0,3
5241655,Parachor,2,1,3
6050530,Mniam,1,2,3
6391852,Ignas,0,3,3
6410432,,2,1,3
6442010,youtune3,2,1,3
7239762,Vasyadogs,3,0,3
7453536,EJ__,0,3,3
7563054,Taka030,3,0,3
8273098,My Angel Koishi,1,2,3
8638977,CrowWhite,3,0,3
9508031,kamaboko117,1,2,3
9555946,Naffu,2,1,3
9738123,sagwa,3,0,3
9905079,Nurend,3,0,3
10449071,Hidden is fun,2,1,3
10852632,giyokon,1,2,3
11061804,Flade,3,0,3
11311583,Ness_Okey,1,2,3
11325757,Shamirin_mzk,1,2,3
11355206,SilentWuffer,0,3,3
11681430,Yumerios,0,3,3
11742599,Vitas2222,1,2,3
11936599,Quibby,2,1,3
12208924,-OvO-,2,1,3
12250316,Taiko Sigma,2,1,3
12315824,-Aku,2,1,3
12337864,,2,1,3
12502408,weed enjoyer,2,1,3
13525805,Hivan111,2,1,3
13997282,Biggest Shark,1,2,3
14106312,Maiiy,2,1,3
14838605,NekoTowel,1,2,3
14861282,pastelliano,3,0,3
15019527,Fong,2,1,3
16456158,Gholdengo,2,1,3
16618655,Fel1x,3,0,3
17050115,qish,2,1,3
17381947,plush seal,1,2,3
20340480,Shameimaru,0,3,3
21138904,Sumi Serina,1,2,3
22943605,ArjunWasFound,1,2,3
29429550,Babero,1,2,3
29690433,Ninym_,0,3,3
30147970,,2,1,3
30243509,S3V21,2,1,3
34255417,Walpurgiss,3,0,3
34906201,Yukarine-,2,1,3
35793369,-MyDearMoments-,1,2,3
38937909,plushbun,2,1,3
6347,ztrot,2,0,2
10028,vytalibus,1,1,2
26551,Hikato,0,2,2
42460,Sleep Powder,0,2,2
56806,roleykatsu,0,2,2
63829,Bass,2,0,2
66296,Azure_Kite,0,2,2
83291,omegaflo,0,2,2
84841,CXu,1,1,2
87065,Nakagawa-Kanon,2,0,2
88904,jericho2442,1,1,2
104401,AngelHoney,2,0,2
112302,Yes_old,2,0,2
119134,Leorda,1,1,2
123636,banvi,2,0,2
140188,saymun,2,0,2
154400,dkun,2,0,2
160558,hoLysoup,2,0,2
190768,nanda2009,1,1,2
196614,Colin Hou,2,0,2
205257,Fraolinch,0,2,2
228532,Glass,2,0,2
242910,-[ ix Ishida xi ]-,0,2,2
284307,Sander-Don,0,2,2
317494,Mikkuri,2,0,2
326049,NeoRainier,0,2,2
362851,Hyguys,1,1,2
384034,BrokenArrow,2,0,2
421286,JoJo,2,0,2
489260,Akiba Rika,0,2,2
496220,rine1341,0,2,2
579428,Jenny,2,0,2
601990,Nymph,2,0,2
605540,NewRulerNA,2,0,2
614416,CivelMamosora,0,2,2
636114,autofanboy,1,1,2
648885,Sun Rainbow,1,1,2
659959,Chiswell,2,0,2
660622,Elly-chan,2,0,2
700010,Laurier,2,0,2
849555,Dino99,2,0,2
962002,AxelHino,2,0,2
982308,L_P,2,0,2
1025207,Betsuto,1,1,2
1026491,xChippy,2,0,2
1029022,kaji_,1,1,2
1070575,Teru21,1,1,2
1077845,Melophobia,2,0,2
1110548,-HaRuNa-,2,0,2
1282954,Cihyaa,1,1,2
1301685,Loooctav,1,1,2
1352672,Moway,2,0,2
1451311,whosthebox,1,1,2
1504396,Revo,0,2,2
1557955,Nerova Riuz GX,2,0,2
1614839,thzz,1,1,2
1631148,Shannon,0,2,2
1890084,Necromancy,0,2,2
1893718,mangomizer,2,0,2
2046893,Doyak,2,0,2
2062410,UnagiDon,1,1,2
2076374,sobatsuyu,1,1,2
2194210,Somnect,0,2,2
2209763,Xiah7s,2,0,2
2665207,Shiguri,0,2,2
2697284,,2,0,2
3057154,Ilham,2,0,2
3320280,WoahE,0,2,2
3995068,Labyr,1,1,2
4325444,ptar124,1,1,2
4609767,ndrrr,2,0,2
4662795,tzechi,1,1,2
4937690,NekuMagetsu,2,0,2
5018747,Yaminoma,2,0,2
5145352,tuuli,1,1,2
5312547,Lafayla,1,1,2
5504231,Shmiklak,2,0,2
5594381,riunosk,2,0,2
5662497,Mayuzumi Sayaka,2,0,2
5846289,kei821,1,1,2
5915257,Jik,0,2,2
6050380,Maya Tendo,1,1,2
6345176,Bastian,0,2,2
6413125,juanilp4evr,1,1,2
6570161,Rosyjski larp,2,0,2
6582864,Nekoharu,1,1,2
6651672,katacheh,1,1,2
6701398,,1,1,2
6853438,5_5,2,0,2
6890639,Fantazy,1,1,2
7132267,Nelliel,1,1,2
7140680,pupu5,0,2,2
7182318,,2,0,2
7491106,7_7,0,2,2
7514582,Karee Pan,1,1,2
7516567,Jesuren,1,1,2
7528639,Teezel,1,1,2
7625535,Kingo,2,0,2
7742913,Michiru,2,0,2
7882675,lazygirl,2,0,2
8034889,zhu,2,0,2
8057655,goheegy,0,2,2
8145223,Kyoumo,1,1,2
8484987,Pied wagtail,1,1,2
8486686,D o t,2,0,2
8497049,,0,2,2
8573172,Lightedd,0,2,2
8617347,SilverYako,2,0,2
8654205,EnigmaIsBoss,0,2,2
8818089,Vendelicious,1,1,2
9099822,jyake,1,1,2
9118680,Jamie Wright,2,0,2
9262355,Tsuki_yura,2,0,2
9503098,hoku,2,0,2
9505704,skylaa,0,2,2
9551196,kiyozi11,0,2,2
9939790,Vtuber,1,1,2
10051194,-Muke-,1,1,2
10129901,MushReen,0,2,2
10363380,Aiery,0,2,2
10373568,Lawrence Angelo,1,1,2
10374819,im cute,1,1,2
10480961,TkonicRabid,2,0,2
10505592,-Mars-,2,0,2
10507557,antigen,2,0,2
10515166,kurumilove,0,2,2
10789259,kivov,1,1,2
10821432,Kannes,1,1,2
10899678,furry hater,2,0,2
10964252,Nijika Ijichi,2,0,2
11194087,Ixcors,1,1,2
11341131,N a N a,2,0,2
11495715,Queenling,0,2,2
11629649,Rippuru,1,1,2
11630179,bugfinder1610,0,2,2
11655886,Basensorex,2,0,2
11833538,_somet,0,2,2
12024753,Esutarosa,2,0,2
12084288,Rosiie,2,0,2
12242622,South Korea,0,2,2
12264218,-XxbluezaperxX-,1,1,2
12416885,Rita Summers,2,0,2
12660835,Maria-Miau,1,1,2
12798183,_Llama,1,1,2
12833739,freestyler,2,0,2
12894452,brenxyz,2,0,2
12926684,boifrosty,2,0,2
13122339,KaEDe1106,1,1,2
13228582,sousoup,0,2,2
13271178,Yin_HK,1,1,2
13303993,-Nervi,1,1,2
13646997,Le Mirai,2,0,2
13780435,,2,0,2
14059135,McEndu,1,1,2
14068952,Kapitar,2,0,2
14351534,Seiran-,1,1,2
14547127,Kuroise,0,2,2
14553146,kagit,0,2,2
14729352,nebuwua,1,1,2
15806224,roxan,2,0,2
16039831,buttermiilk,1,1,2
16100800,ICECAKE,2,0,2
16407679,PukPow,1,1,2
16662508,takumit25,1,1,2
18065598,azu420,1,1,2
18649724,Warp,0,2,2
19154954,Dice,1,1,2
19207842,-[SnowFlakes]-,0,2,2
20555396,modules,2,0,2
20585342,lLenin,0,2,2
21413443,Pablo Sanchez,1,1,2
22747806,na7yuta_osu,1,1,2
23647502,Nikicho,2,0,2
24273662,_pizzaninjax,0,2,2
25662684,CRHIX,1,1,2
26190106,xoxodia,2,0,2
26820002,seal--,2,0,2
29449003,chasedigi,1,1,2
33849459,[-Crazy Boy-],2,0,2
35079462,silly femboy,1,1,2
35979834,LuisGames,2,0,2
3,BanchoBot,1,0,1
452,Kharl,1,0,1
2296,gyt,1,0,1
3936,Card N'FoRcE,1,0,1
6188,tetsutaro,1,0,1
9974,crystalsuicune,0,1,1
11874,Yuukari-Banteki,1,0,1
12328,Larto,1,0,1
19048,Blue Dragon,0,1,1
20865,blissfulyoshi,1,0,1
23062,Gens,1,0,1
23326,GladiOol,1,0,1
33599,Andrea,0,1,1
43345,Pasonia,0,1,1
44867,Crazy Jay,1,0,1
57676,Saixina_x3,0,1,1
57976,Eirene,1,0,1
67192,Beuchi,1,0,1
85000,Charles445,0,1,1
91738,Guy,0,1,1
95912,Tashi_Scarlett[x],0,1,1
98661,Xgor,0,1,1
100324,miccoliasms,1,0,1
103929,yongtw123,1,0,1
104527,Fhatii-chan,0,1,1
104751,Kiddo-Kun,1,0,1
106822,Norbi,0,1,1
111011,Ra-s,1,0,1
126823,Crimmi,1,0,1
133783,MeLLoN,1,0,1
135630,,1,0,1
136982,Agnes,0,1,1
142413,ZHSteven,0,1,1
144464,Foster Don,0,1,1
157879,RandomJibberish,1,0,1
159023,Mok,1,0,1
178038,Shyguy,0,1,1
186243,Louis Cyphre,1,0,1
187339,psj1226,0,1,1
197682,Haneii,1,0,1
197805,Niva,1,0,1
198574,Rorry,1,0,1
200768,ZiRoX,1,0,1
203721,Herschel,0,1,1
210658,S h i a,0,1,1
213961,Ylinestra44,0,1,1
215127,Ign1s0,0,1,1
226128,lussy_6,0,1,1
228854,Curisu,0,1,1
229595,_Kiva,0,1,1
260011,,1,0,1
264914,DaxMasterix,1,0,1
270509,mjw5150,1,0,1
285756,eldnl,1,0,1
289422,Sakura,1,0,1
291487,matthewhln,0,1,1
301279,La Cataline,1,0,1
322004,AoiX,0,1,1
360176,Aleks719,1,0,1
373918,Kuma-san,1,0,1
375022,Kurowolfe,1,0,1
382221,Sumisola,1,0,1
397297,RenKun,1,0,1
405008,eikkaleyd,0,1,1
409142,Scarlet Sisters,0,1,1
409292,Dariano,1,0,1
424233,bx1989,0,1,1
438547,Apricot,1,0,1
457766,zx_baka_0502442,0,1,1
459886,Nanners,0,1,1
468029,yyyyyyyyyyypetu,0,1,1
470328,jongsen,0,1,1
489271,ZX123456,0,1,1
501221,Mura_77,0,1,1
501551,shionelove,1,0,1
501851,theMikeAG,1,0,1
537015,sirjuyt,1,0,1
570715,Kirino Kousaka,1,0,1
586131,,0,1,1
597957,riffy,1,0,1
624957,RockeDon,0,1,1
647766,Sktelecom T1,0,1,1
660961,Rikers,0,1,1
672931,TicClick,1,0,1
689997,captin1,0,1,1
696222,xWillx,0,1,1
699741,Crystalloid,0,1,1
717228,Dark Fang,1,0,1
719683,jesse7419,1,0,1
735751,,1,0,1
739813,Abe Nana,1,0,1
741819,Saikoro,0,1,1
762487,Saturnalize,0,1,1
806921,Sync,1,0,1
826170,Fionana,1,0,1
852705,AIR315,0,1,1
878177,S MoMo,0,1,1
909167,Miya,1,0,1
933630,Canboi,0,1,1
983349,applerss,1,0,1
1052994,Milan-,1,0,1
1133005,-Neipezi,1,0,1
1138027,sheela,1,0,1
1139209,XK2238,0,1,1
1145984,Alumetorz,0,1,1
1164931,Alepat,0,1,1
1211737,Zweib,1,0,1
1231762,ak74,1,0,1
1235444,Serial Dreemurr,1,0,1
1238584,ashley,0,1,1
1266303,Kyoshizora,0,1,1
1273290,Snowy Heat,1,0,1
1368025,JessiChan,1,0,1
1446665,Lanturn,1,0,1
1449691,Totoro le Pacha,1,0,1
1468255,SouthSergal,0,1,1
1558839,betairylia,0,1,1
1572001,wa_,1,0,1
1594036,Hypello,0,1,1
1600259,Chyo-Kun,0,1,1
1602428,Lovelyattack,1,0,1
1615184,LittleFox,1,0,1
1635091,Nemis,0,1,1
1699875,Remyria,0,1,1
1715876,Zexous,0,1,1
1721995,,1,0,1
1740102,Manuxz,1,0,1
1757160,QuanTUM,0,1,1
1772272,Effy,0,1,1
1799973,TimmyAkmed,0,1,1
1822830,Zero__wind,1,0,1
1867337,Snowy Heart,0,1,1
1868745,moosepi,0,1,1
1870588,Mame ga nyaa,1,0,1
1952803,Oktavia,0,1,1
2015300,verto,1,0,1
2015353,FlamingRok,1,0,1
2134234,Narwhal Prime,1,0,1
2172778,Cosmolade,1,0,1
2228401,,0,1,1
2260598,Nickelony,1,0,1
2271556,Yamu-,0,1,1
2286121,Mfy,1,0,1
2306637,Secre,1,0,1
2324540,,1,0,1
2329572,yoxavv,1,0,1
2445027,AlexaBM,1,0,1
2499089,4399guangguang,1,0,1
2582058,[Akito],1,0,1
2598555,Wadsy,1,0,1
2646522,Soldsaga KunG,0,1,1
2672643,Reia,1,0,1
2675027,CSLM,1,0,1
2688103,IOException,0,1,1
2690256,,0,1,1
2719424,LunaticP,0,1,1
2837231,Supairo,1,0,1
2852968,Todotrucks,0,1,1
2881789,Flugegeheimen,1,0,1
2904140,Jason X,0,1,1
2999359,Osamix,0,1,1
3027421,Arzenvald,0,1,1
3071175,,0,1,1
3080783,Pappy,0,1,1
3174184,shinchikuhome,1,0,1
3178418,pishifat,1,0,1
3198109,Ultima Fox,0,1,1
3216107,Civil oath,0,1,1
3284479,Blanc Kisaragi,1,0,1
3285139,,0,1,1
3335349,koyomi_222,0,1,1
3417469,Spork Lover,1,0,1
3418538,Staze-,1,0,1
3638962,-Tynamo,1,0,1
3643699,diegi,0,1,1
3724819,Player-,0,1,1
3811831,Noko_BSF,0,1,1
3936770,Onicorn,0,1,1
4086497,Plus4j,1,0,1
4105747,John Doe,0,1,1
4125666,crim,1,0,1
4166621,awawa,1,0,1
4191965,]O]O,0,1,1
4236057,Xinnoh,1,0,1
4251580,SlenderMen,1,0,1
4276114,Kisses,1,0,1
4315477,superSSS,1,0,1
4364791,Metsaller,1,0,1
4392561,Meow2,1,0,1
4452992,Sotarks,1,0,1
4471879,Caelan,1,0,1
4541873,Yukiyo,1,0,1
4547551,fowwo,0,1,1
4610379,Rivals_7,1,0,1
4643294,Runa,1,0,1
4655546,aHTaoN,0,1,1
4673649,LUNAISTABBY,0,1,1
4687701,Dropinx,1,0,1
4692833,,0,1,1
4720038,Shinzo-,1,0,1
4740847,DukeDukeDura,0,1,1
4866957,ayomikasa,0,1,1
4879508,JBHyperion,1,0,1
4899760,World Fraction,1,0,1
4909860,Y O U T A,0,1,1
4912819,Super Saiyan,0,1,1
4915649,Lacrima,0,1,1
4958376,Beepu,0,1,1
5028866,ibacot,0,1,1
5099768,Neto,0,1,1
5133613,Ophthalmologist,1,0,1
5151647,apaajaboleh10,0,1,1
5155081,Fuel,1,0,1
5156086,Raediaufar,0,1,1
5207783,6_6,1,0,1
5219516,Ameth Rianno,0,1,1
5239047,Linada,0,1,1
5336716,kai53247,0,1,1
5431196,Nokashi,0,1,1
5596337,Daycore,0,1,1
5646529,Tatan,0,1,1
5688171,3mplify,1,0,1
5750235,Sparxe,0,1,1
6100837,Imakuri,1,0,1
6104236,Ikira,0,1,1
6117184,wyit,1,0,1
6177263,Kasumi-sama,1,0,1
6209713,_Kobii,1,0,1
6278008,Drecksackblase,1,0,1
6291395,[Ping],0,1,1
6465707,Ploenar,1,0,1
6571670,SaltyLucario,1,0,1
6621158,SolaEclipse,1,0,1
6787940,Cole Cassidy,1,0,1
6851789,,1,0,1
6922240,knibblet,1,0,1
7059383,Sympho,0,1,1
7086439,Dargin,1,0,1
7138499,Iyouka,1,0,1
7138602,Leniane,1,0,1
7150015,,1,0,1
7189946,TFD500,1,0,1
7231722,nananass,1,0,1
7280717,ImChro,1,0,1
7365988,Kith190,1,0,1
7483452,JierYagtama,1,0,1
7488794,JarHed,1,0,1
7618046,VoidStar,0,1,1
7671790,Komm,1,0,1
7733917,Aorimiku,0,1,1
7746157,semfi,0,1,1
7890942,,1,0,1
7916800,Flicker,0,1,1
7984343,,0,1,1
8140944,Dapulezatos,0,1,1
8190266,In Dark Sky,1,0,1
8219167,xGeno,1,0,1
8279899,TomatDK,0,1,1
8306118,AceIn,0,1,1
8509562,ocularr,1,0,1
8531410,Tuffiii,0,1,1
8579186,Greninja,0,1,1
8623835,Peter,0,1,1
8646059,UberFazz,1,0,1
8931788,Daeng Simatta,1,0,1
9038483,Gabuu,1,0,1
9057823,Escocyan,0,1,1
9114190,Marfuri,1,0,1
9119501,ekumea1123,1,0,1
9152166,Mayano,0,1,1
9155377,hypercyte,1,0,1
9213381,Lorenzetto,0,1,1
9234078,Malphs,0,1,1
9254241,Alexsander,0,1,1
9321674,Orkay,1,0,1
9327302,SMOKELIND,1,0,1
9422176,Endymion,0,1,1
9501251,ChillierPear,0,1,1
9507660,Dabo,0,1,1
9575624,R_Xink,0,1,1
9730925,Euryalle,0,1,1
9767342,Flyer,1,0,1
9988837,-Joni-,0,1,1
10072733,myucchii,0,1,1
10085090,Carpihat,1,0,1
10218998,Bomb,0,1,1
10233705,-Zeraora-,0,1,1
10268533,Chieri_,1,0,1
10349712,Toorun12,0,1,1
10436827,Catbug1524,1,0,1
10446922,Naoise,0,1,1
10491903,Hana Uzaki,0,1,1
10520757,WARABIMON,0,1,1
10624751,SOBEX,0,1,1
10674189,Kinovia,1,0,1
10726630,Smoke,1,0,1
10825359,esther0616,0,1,1
10827686,Ditzy Doo,1,0,1
11005307,sangoose,0,1,1
11066144,Faydee,0,1,1
11135474,Jizzy,1,0,1
11235493,BiXiQT,0,1,1
11253595,Acii_,0,1,1
11334594,K4L1,1,0,1
11354436,Utiba,0,1,1
11406987,willowww,0,1,1
11481057,Foco_,1,0,1
11578193,,0,1,1
11680357,kanten_07,0,1,1
11688893,hakashii,0,1,1
11727492,Jekuru,1,0,1
11793794,takehirotei,0,1,1
11857171,terminator3621,1,0,1
12018868,sandarai,0,1,1
12270596,Castagne,1,0,1
12345370,Nisoquo,1,0,1
12366071,bsm,0,1,1
12385964,Cool_S,0,1,1
12433422,Hap,0,1,1
12478873,Aarqeus,0,1,1
12487726,Neia,0,1,1
12510704,JackTVN,0,1,1
12572294,cjstmdals,0,1,1
12630336,miwoo,0,1,1
12705051,Rashod,1,0,1
12807783,InherentCross1,0,1,1
12820940,Quiplash,0,1,1
12826983,PedSen,1,0,1
13157438,faheen,0,1,1
13175102,bento,0,1,1
13196066,Batu,0,1,1
13264148,Magma,0,1,1
13351654,Anime,0,1,1
13519759,Vardex,0,1,1
13579078,Joylintp,1,0,1
13582258,Ichinose Hana,0,1,1
13650508,App,1,0,1
13679148,NGname,0,1,1
13752814,See,0,1,1
13795552,Lisieux-,0,1,1
13977852,IOHOCTb,0,1,1
14056601,RedcXca,1,0,1
14060327,fllecc,0,1,1
14095291,AelSan,1,0,1
14141788,METKIY_STRELOK,1,0,1
14225213,Jhindred,0,1,1
14305018,Share,0,1,1
14329375,HydriZ,0,1,1
14410101,snomi,0,1,1
14433939,Kioshinxs,0,1,1
14709563,DragonK1ng,0,1,1
14841911,zbiotr,1,0,1
14894027,,1,0,1
14987094,Yujki,1,0,1
15266747,--Xer0--,0,1,1
15293428,Chromate,1,0,1
15330641,SKRIS-MI,0,1,1
15769399,testie,0,1,1
15771197,Arti Ni,0,1,1
15787738,Avias_,0,1,1
16058676,Provoda228,1,0,1
16064026,MCR,0,1,1
16084413,nyaarin,1,0,1
16117959,Dashyy,1,0,1
16262582,ImTutu,1,0,1
16383529,eringiRa,0,1,1
16756763,Lisan al Gaib,0,1,1
16767417,jmagine,1,0,1
16787675,Cranium,1,0,1
16830329,Vallejo,0,1,1
17148657,Poity,0,1,1
17463396,- Lxle -,0,1,1
17523947,Sydosys,0,1,1
17552582,pupsi,0,1,1
17685407,tsumuno,0,1,1
17758185,16-bit Princess,0,1,1
17841784,_Origin_,0,1,1
18319269,Hatsuratsu,1,0,1
18577881,ama_hano,0,1,1
18591473,JoshEco4,1,0,1
18597962,AFasterSlowpoke,0,1,1
18718856,New-Zealand,1,0,1
18767654,x7shiro,1,0,1
18867523,flowerful,0,1,1
19089549,salym,1,0,1
19328432,HexaMaster,1,0,1
19368737,Magitska,0,1,1
19817503,DeepInDark,0,1,1
20007645,EB John,1,0,1
20471817,Rage Aphid,0,1,1
20512411,micqaal,1,0,1
20624358,meifuu,1,0,1
20932364,whatever,0,1,1
21006271,summ1,0,1,1
21152418,Vaxy24,0,1,1
21303239,zlixik,0,1,1
21664343,64bits_,0,1,1
21799255,ThomasZQY,1,0,1
22025328,rainbootzz,0,1,1
22069182,nahieu2005,0,1,1
22882379,Mita,1,0,1
23097320,keksikosu,1,0,1
23361435,Desinias,0,1,1
23633474,Slowpoke104,1,0,1
24518245,fubuki,1,0,1
24719267,mati-bmp,1,0,1
24730930,[-Omni-],0,1,1
24781766,lichtmond,0,1,1
24910091,krokodil_koban,1,0,1
25522196,-DarkLord-,1,0,1
25689188,LunarSticks,1,0,1
25734391,CarsqL,1,0,1
26058793,Sussy,0,1,1
27304274,UoxoU_4rk,0,1,1
27338583,Lucius Aika,1,0,1
27479536,AppleJuice127,1,0,1
27484367,itsnicki,0,1,1
27486456,stupid dummy,0,1,1
28108152,normi,0,1,1
28284695,KONAMIKAN,1,0,1
29780191,Fz2311x,1,0,1
30114023,NaNaHiDa,0,1,1
30524649,luxem_,1,0,1
30951432,My Angel Herta,0,1,1
33026657,Blackburne,0,1,1
33924162,Voes,1,0,1
36024737,Anders8KJS,0,1,1
36194299,grandvalira01,1,0,1
36301446,tapperruiii,1,0,1
36407814,pashtetue,0,1,1
37116307,_Reno_,0,1,1
37234783,calcium4488,1,0,1
37525307,sanyohchuu,1,0,1
38149975,zyanther,0,1,1
38760822,Nard_0o,1,0,1
39420417,1092384,1,0,1
